term,icons,part_of_speech,derivations,etymology,roots,highlight,application,exploration,quote,author,source_major,event_collection
alliteration,"['device', 'essential', 'common', 'concept']",n.,"['alliterate v.',  'alliterative adj.', 'alliteratively adv.']","1650s “a beginning with the same letter” from Modern Latin alliterationem. Noun of action from ""alliterare“. From Latin ad- “to”  + littera “letter, script.”

","['ad-', '-littera']","['a beginning with the same letter', 'to begin with the same letter']","['recognize alliteration in both poetry and prose.', 
'consider the effect of alliteration on a text.', 
'consider whether alliteration is impactful or memorable.', 
'note the use of alliteration in media and popular culture.']","['What are the two types of alliteration?', 
'How might alliteration impact mood, rhythm, or characterization?', 
'The repetition of ‘hard’ or ‘soft’ sounds might have what effect on a text?', 
'How might alliteration be effectively used in advertising?']","[A]ttempts to explain alliteration, bordering  on parody, required a rebuff and an attempt  to produce concrete evidence showing that sounds in verse exist apart from any connection with imagery, that they have an independent oral function. 


",Boris Eichenbaum,The Theory of the “Formal Method”,aswl1_e1
allusion,"['device', 'essential', 'common']",n.,"['allude (v.)', 'allusory (adj.)']","1540s “a playing with, a reference to” from Latin allusionem (nominative allusio).",['allusio-'],"['a playing with, a reference to']","['be introduced to the various categories of common allusions: cultural, literary, historical, biblical, and mythological.']","['What is the potential effect of allusions on a text?', 
'Is it possible for an allusion to fail to impact an audience?', 
'What should a writer consider when utilizing allusion?']","The frequency and depth of literary allusion in the poetry of Eliot and others has driven so many in pursuit of full meanings [...] that it has become a kind of commonplace to suppose that we do not know what a poet means. unless we have traced him in his reading—a supposition redolent with intentional implications.

","W. K. Wimsatt and Monroe C. Beardsley
",“The Intentional Fallacy”,aswl1_e1
antagonist,"['person', 'essential', 'common', 'concept']",n.,"['antagonize (v.)', 'antagonistic (adj.)', 'antagonism (n.)']","1590s from French antagoniste or directly from Late Latin antagonista, from Greek antagonistes “competitor, opponent, rival”, agent noun from antagonizesthai “to struggle against, oppose, be a rival” Originally in battle or sport, extended 1620s to any sphere of human activity.


",['agon-'],"['competitor', 'opponent', 'rival', ' struggle against', 'oppose', 'be a rival']","['know that antagonist is the opposite of protagonist.', 'give evidence as to why or why not a particular character is an antagonist.', 
'consider how setting can be antagonistic.', 'explore how the relationship between the antagonist and the protagonist creates conflict or tension.']","['Does a narrative require both a protagonist and an antagonist?', 
'If your life were a novel, who would be the antagonist?',
'How can we identify the antagonist?',
'What are some archetypes of antagonists?',
'How can aspects of a text that are not characters be antagonistic?']","[A] novel starts in us all sorts of antagonistic and opposed emotions. Life conflicts with something that is not life. Hence the difficulty of coming to any agreement about novels, and the immense sway that our private prejudices have upon us.


",Virginia Woolf,A Room of One’s Own,aswl1_e1
" archetype
","['essential', 'common', 'concept']",n.,['archetypal (adj.)'],"1540s or 1600 “Original pattern from which copies are made” from Latin archetypum, from Greek arkhetypon “pattern, model, figure on a seal”, neuter of adjective arkhetypos “first-moulded”, from arkhe- “first” + typos “model, type, blow, mark of a blow.”' '1919 Jungian psychology sense of “pervasive idea or image from the collective unconscious”. Carl Jung defined archetypal images as “forms or images of a collective nature which occur practically all over the earth as constituents of myths and at the same time as autochthonous individual products of unconscious origin”.

","['arche-', ' -typos']","['original pattern from which copies are made', 'model', 'figure on a seal, first-moulded, model', 'type', 'blow', 'mark of a blow', 'pervasive idea or image from the collective unconscious']","['know that archetypes are a foundational concept and should be given the utmost attention.', 'know the various types of archetypes, particularly Apollonian and Dionysian.', 'explore situational and character archetypes.', 'emphasize exploration of symbolic archetypes.', 'understand the theory that all symbols are built on archetypes.', 'explore how symbols fall into two basic categories based upon Apollonian and Dionysian archetypes.', 'be introduced to Friedrich Nietzsche, his Birth of Tragedy, and the theory of eternal recurrence.']","['What are archetypes?', 
'Why are archetypes important for the study of literature?', 
'What are the most basic archetypes?', 
'How can we use archetypes to create a narrative, create characters, or create meaning?', 
'How do writers use archetypes?']","[I]he intention is to make us feel the lovable beauty of the archetype and of the Divine Idea; for to admire a representation is to admire the original upon which it was made.

","Plotinus
",On the Intellectual Beauty,aswl1_e1
audience,"['essential, common']",n.,,"Late 1400s “the action of hearing” from Old French audience, from Latin audentia “a hearing, listening”, from audientum, present participle of audire “to hear,” from compound au-dh- “to perceive physically, grasp,” from root au- “to perceive” (cognates: Greek aisthanesthai “to feel;” Sanskrit avih, Avestan avish “openly, evidently;” Old Church Slavonic javiti “to reveal”).' 'Late 1400s “formal hearing or reception”', 'Early 1500s “persons within hearing range, assembly of listeners”', '1855 “Readers of a book”', '1940 Audience-participation.","['audiens', ' audentia']","['the action of hearing', 'persons within hearing range', 'assembly of listeners']","['identify the audience of a text.', 
'consider the audience when producing an argument.', 
'consider the relationship between audience, context, and message.', 
'adapt one message for two different audiences.']","['What are some methods for identifying the audience of a text?',
'Why is it important to consider one’s audience when writing?',
'How can we adapt a message for a particular audience?',
'What is an ideal audience?']","[T]ransfer your easy tone, your simple expression, your everyday bearing, to the stage, and, I assure you, you will be paltry and weak. You may cry to your heart’s content, and the audience will only laugh. It will be the tragedy outside a booth at a fair.


",Denis Diderot,The Paradox of Acting,aswl1_e1
"caesura
","['device', 'common', 'concept']",n.,,"1550s from Latin caesura, “metrical pause”. Literally “a cutting” from past participle stem of caedere “to cut down”. Any pause in the middle of a line of poetry.","['caesura', ' caedere']",['metrical pause'],"['recognize the use of this device in poetry.', 'explore the effect of this devise in pacing or in placing emphasis on specific words or images.', 'understand how to use the term as a synonym for a “break” in time or thought.']","['How does caesura effect the pacing of a poem?', 
'Is the caesura suggesting an emphasis upon the words or images surrounding it?', ]","The historical dimension of literature, its eventful continuity that is lost in traditionalism as in positivism, can meanwhile be recovered only if the literary historian finds points of intersection and brings works to light that articulate the processlike character of ‘literary evolution’ in its moments formative of history as well as its caesurae between periods.

","Hans Robert Jauss
",Literary History as a Challenge to Literary Theory,aswl1_e1
"connotation
","['device', 'essential', 'common', 'concept']",n.,"['connote (v.)', 'connotative (adj.)']","1530s, ""signify in addition to the main meaning"" from Medieval Latin connotationem (nominative connotatio), from connotat-, past participle stem of connotarea term in logic', 'literally ""to mark along with"" from Latin com- ""together""","['com-', ' notare']",['signify in addition to the main meaning'],"['know that connotation is the opposite of denotation.', 'understand that the connotations of words change over time.', 'explore the significance of connotations in order to better understand the potential “meanings” of a text.']","['Are there words that do not have connotations?', 
'Is connotation necessary to create meaning?', 
'How can we know the connotations of words?', 
'Why does the connotation of words change over time?', 
'To what extent does my own personal experience add connotations to words?']","Another equivocation in our talk about meaninglessness was introduced by John Stuart Mill, and again rests on a new, [] concept of meaning. He locates the essence of the meaning of names in their connotation, and therefore treats non-connotative names as meaningless. 
","Edmund Husserl
",Expression and Meaning,aswl1_e1
context,"['essential', 'common', 'concept']",n.,"['contextualize (tr.)', '( v.)', 'contextual (adj.)', 'contextualization (n.)', 'decontextualize (v.)']","Early 1400s, from Latin contextus “a joining together,” “to weave together,” from com - “together” + texere “to weave, to make.”","['com-', ' -texere']","['the circumstances that form the setting for an event, statement, or idea, and in terms of which it can be fully understood.']","['be aware of how context impacts any message.', 'explore how the historical period influences a text or how a specific occasion effects the delivery of a message in a speech.', 'consider how context influences the meaning of an utterance.']","['How does knowing the historical context surrounding the production of a work of literature enhance our understanding of the text?', 
'How might context effect the delivery of a message?', 'How does context change the possible interpretation of an utterance?', 
'How many different interpretations are there of the following statements: “It’s hot in here”; “Flying airplanes can be dangerous”; “Shut the door, please”?']","Suppose I say to you, for example, ‘Sir, you are standing on my foot.’ Now in most contexts when I make a statement of that sort I am making not only an Assertive, but I am also indirectly requesting and perhaps even ordering you to get off my foot.

","John R. Searle
",Expression and Meaning: Studies in the Theory of Speech Acts,aswl1_e1
cyclic,"['essential', 'common']",adj.,"['cyclical  (adj.)', 'cycle (n.)', 'cycle (v.)']","1794 from French cyclique, from Latin cyclicus, from Greek kyklikos “moving in a circle”, from kyklos. Referring to history, the sense of historical repetition.","['cyclicus', ' kyklos']",['moving in a circle'],"['understand aspects of life that are cyclical in nature.', 'explore how cycles influence society and culture.', 'consider whether history moves in cycles.', 'consider how natural cycles (i.e., the rising and setting of the sun) influence perspective.']","['Does history move in cycles?', 
'What aspects of your daily life are cyclical?', 
'Are habits a type of cyclical action?',
'Is there a relationship between rituals and cycles?', 
'How are habits formed?',
'Is it possible for something to have neither beginning nor ending?']","Every crucial periodicity of experience: dawn, sunset, the phases of the moon, seed-time and harvest, the equinoxes and the solstices, birth, initiation, marriage, and death, get rituals attached to them. The pull of ritual is toward pure cyclical narrative, which, if there could be such a thing, would be automatic and unconscious repetition.

","Northrup Frye
",Anatomy of Criticism,aswl1_e1
denotation,"['common', 'concept']",n.,"['denote (v.)', 'denotative (adj.)']",1530s “indication” from Late Latin denotationem. Commonly understood as the dictionary definition of a word.,['denotationem'],['indication'],"['know that denotation is the opposite of connotation.', 
'understand how denotation does not fully provide the meaning of a word.'
]","['Where can we find the denotative meaning of a word?',
'What is absent from denotative meaning?',
'How might context affect meaning?',
'Which takes precedence in meaning: denotation, connotation, or convention?'
]","The terms of science are abstract symbols which do not change under the pressure of the context. They are pure (or aspire to be pure) denotations; they are defined in advance. They are not to be warped into new meanings. But where is the dictionary which contains the terms of a poem? It is a truism that the poet is continually forced to remake language.

","Cleanth Brooks
",The Heresy of Paraphrase,aswl1_e1
dualism,"['common', 'concept']",n.,['dualistic (adj.)'],"From Latin dualis, from duo ""two"". 1755 As a term in philosophy, from French dualisme; also used in theological senses.

",['dualis'],"['two', 'the division of something conceptually into two opposed or contrasted aspects or the state of being so divided.']","['know that dualism is a foundational concept and should be given the utmost attention.', 'identity dualistic elements in a text.', 'consider how knowledge itself is built upon dualism.', 'consider the binary opposition present in language: hot/cold, day/night, plant/animal.', 'consider exploring whether there exists an entity that cannot be bifurcated.', 'be introduced to the mathematician René Descartes, his Meditations, and his method of deductive reasoning.'
]","['What is dualism?', 'How does an individual have a “dual” nature?', 'Is the mind separate from the body?', 'What is the relationship between the mind and the body?', 'Who is René Descartes?', 'What is the relationship between dualism and creation myths?', 'What is deduction?', 'What is cogito ergo sum?', 'What is skepticism?']","The theory of expression inevitably presupposes a certain dualism between the inner and outer elements and the explicit primacy of the former, since each act of objectification (expression) goes from inside out.

","Valentin N. Volosinov
",Verbal Interaction,aswl1_e1
end stop,"['common', 'concept']",n.,"['end stop (v.)', 'end-stopped (adj.)']",Ending a line of poetry with a punctuation mark or a pause in speaking to signal the end of a syntagmatic unit.,,['ending a line of poetry with a punctuation mark '],"['know that end stop is the opposite of enjambment.', 'distinguish between an end stop and an enjambment in poetry.', 'explore the impact that end stop has on pacing',
'explore the emphasis that end stop may give to the words or images that precede it.'
]","['Might the end stop add emphasis the word or image preceding it?', 
'How does the end stop effect the pacing of the poem?']","From the expansive verse paragraphs of the opening three books, we find now that the epic narrator’s sentences have shortened, his figurative language has been trimmed, his pentameter lines more frequently end-stopped.  ","Rachel Falconer
","“Heterochronic Representations of the Fall: Bakhtin, Milton, DeLillo”",aswl1_e1
enjambment,"['common', 'concept']",n.,"['enjambed (adj.)', 'enjamb (v.)']","1837, from French enjamber “to stride over”, from en- + jambe “leg.” When a line of verse does not have an end stop.",['enjambement'],['when a line of verse does not have an end stop'],"['know that enjambment is the opposite of end stop.', 'distinguish between an end stop and an enjambment in poetry.', 'explore the impact that enjambment has on pacing and the connection between the words and images on the enjambed lines.']","[
'What is the relationship between enjambed lines in the poem?', 
'How does the enjambment effect the pacing of the poem?']","The centrifugality of the enjambments transforms what would in prose be an immediately graspable scene – ‘So much depends upon a red wheelbarrow glazed with rain water beside the white chickens’ – into a spectacular chronotopic display.

","Joy Ladin
",“ ‘ It Was Not Death’ : The Poetic Career of the Chronotype”,aswl1_e1
epithet,"['device', 'common', 'concept']",n.,"['epithetic (adj.)', 'epithetical (adj.)']","1570s, “descriptive name for a person or thing”, from Middle French épithète or directly from Latin epitheton, from Greek epitheton “something added”, Noun use of adjective “attributed, added, assumed”, from epitithenai “to add on”, from epi “in addition” + tithenai “to put.” 

","['epitheton', ' epi-', '-tithenai']",['descriptive name for a person or thing'],"['be aware of the history of titles and the impact of titles upon our understanding.', 'work to earn titles in the classroom, e.g: the Earl of Tardiness or the Duke of Notes.'
]","['What types of titles were present in Greek society?',
'Is there any relationship between Greek gods having titles and our own titles?', 
'Why is there a history of epithets?', 
'What is the function of titles?',  
'What do epithets suggest about their particular societies?', 
'Are titles a good thing or a bad thing?', 
'What is your title?', ]","[F]or having put an end to the feral wandering of these few giants, so that they became the princes of the gentes, he received the epithet Stator, stayer or establisher.

","Giambattista Vico
",The New Science,aswl1_e1
etiology,['concept'],n.,"['etiologic (adj.)', 'etiological (adj.)']","1550s “science of causes or causation” from Late Latin aetiologia, from Greek aitiologia “statement of cause,” from aitia “cause, responsibility” from root ai “to give, allot” + -logia “a speaking.”","['akita', 'ai', '-logia']",['science of causes or causation; statement of cause'],"['explore the relationship between cause and effect.', 'attempt to explore first causes.',
'attempt to discern a cause from its effect.']","['Does every effect have a cause and vice versa?', 
'Is it possible that the effect is the cause?', 
'What is the relationship between causality and determinsim?',
'Is it possible to misidentify a cause?', 
'What is the difference between causation and correlation?', 
'Is it possible that etiology itself leads to an infinite regression?']","These three—history, etiology, analogy—are grouped under the literal sense. For it is called history, as Augustine expounds, whenever anything is simply related: it is called etiology when its cause is assigned, [and] it is called analogy whenever the truth of one text of Scripture is shown not to contradict the truth of another.
","St. Thomas Aquinas
",Summa Theologica,aswl1_e1
figurative,"['essential', 'common']",adj.,"['figuratively (adj.)', 'figure (n.)']","Late 1400s “emblematical”, from Old French figuratif “metaphorical”, from Late Latin figurativus. From figurat-, past participle stem of Latin figurare “to form, shape”, from figura “a shape, form, figure”. From late 14c of speech, language, etc., “allegorical, metaphoric, involving figures of speech”.","['figurat', ' figurare', ' figuratif ']","['emblematical; metaphorical; allegorical', 'metaphoric', 'involving figures of speech']","['know that figurative is the opposite of literal.', 'consider the term “figurative” in relation to  abstract and concrete.', 'explore whether these terms apply to other disciplines as well.']","['What is the purpose of figurative language?',
'Does figurative language help or hinder communication?',
'How do other disciplines make us of “figures”?']","My opponents will add that their writings are not fiction but rather figures, to use the correct term, and their authors are figurative writers. O silly subterfuge! As if I were likely to believe that two things to all appearances exactly alike should gain the power of different effects by mere change or difference of name.

","Giovanni Boccaccio
",Genealogy of the Gentile Gods,aswl1_e1
imagery,"['device', 'essential', 'common', 'concept']",n. pl.,"['image (n.)', ' sing.', 'imagine (v.)', 'imagistic (adj.)']","1200s “artificial representation that looks like a person or thing"", from Old French image ""image, likeness; figure, drawing, portrait; reflection; statue"", 1100s imagene, from Latin imaginem ""copy, imitation, likeness; statue, picture"", also ""phantom, ghost, apparition"", figuratively ""idea, appearance"" from stem of imitari ""to copy, imitate.”, Early 1300s ""reflection in a mirror""., Sense of ""public impression"" in isolated cases from 1908 but not in common use until the jargon of advertising and public relations ~ 1958., Modern, ""visual motifs and aesthetics used in film and literature"".","['imago', ' imitari']","['artificial representation that looks like a person or thing', 'visual motifs and aesthetics used in film and literature']","['recongize the use of imagery in poetry and prose.', 'explore the possible significance of an image for the meaning of a text.', 'utilize imagery in our own writing.', 'consider why imagery can be effective in communicating a message.']","['Why do writers use imagery?', 
'How do we utilize imagery in our everyday lives?', 
'Is it possible to conceive of an image that is completely fictional?', 
'Aside form textual images, what other types of images are there?', 
'Can imagery be persuasive?']","What [], can oratorical imagery effect? Well, it is able in many ways to infuse vehemence and passion into spoken words, while more particularly when it is combined with the argumentative passages it not only persuades the hearer but actually makes him its slave.

","Pseudo-Longinus
",On the Sublime,aswl1_e1
investigation,"['essential', 'common', 'concept']",n.,"['investigate (v.)', 'investigatory (adj.)']","Early 1500s from Old French investigacion, from Latin investigationem “a searching into, a searching for”, Noun of action “to trace out, search after”, Figuratively “search into, investigate”, from in- “in, into” + vestigare “to track, trace,” from vestigium “a footprint, a track.”",,"['a searching into', 'a searching for; to trace out', 'search after']","['understand what is meant by “investigating” a text.', 'understand that we search for “evidence” not for “clues.""']","['What does it mean to investigate a text?', 
'Is the investigation of a crime analogous to the investigation of a text?', 'How so?', 
'When conducting an investigation should one have an idea of where the investigation might lead?',
'If we are investigating a text, what is its crime?']","I am convinced that the method of teaching which approaches most nearly to the method of investigation is incomparably the best; since, not content with serving up a few barren and lifeless truths, it leads to the stock on which they grew.

","Edmund Burke
",A Philosophical Inquiry Into the Origin of Our Ideas of the Sublime and Beautiful,aswl1_e1
juxtaposition,"['device', 'essential', 'common', 'concept']",n.,"['juxtapose (v.)', 'juxtaposed (adj.)']","1660s, from French juxtaposition (1700s), from Latin iuxta “beside, very near, close to, near at hand” + French position. Latin iuxta is a contraction of iugista adv., superlative of adjective iugos “closely connected,” from iungere “to join.”","['iuxta-', '-position']","['beside', 'very near', 'close to', 'near at hand; closely connected']","['be aware of the usefulness of juxtaposition within a text and within analysis of a text.', 'view juxtaposition as a way of “comparing and contrasting.""', 
'consider the relationship between juxtaposed objects as either oppositional or complementary.']","['What is the relationship between two juxtaposed objects?', 
'How might we utilize juxtaposition in our everyday lives?', 
'How is it useful to compare two dissimilar objects?', 
'How is it useful to contrast two similar objects?']","Such a kind of juxtaposition may likewise have this use, that whilst the artist is amusing himself in the contemplation of other arts, he may habitually transfer the principles of those arts to’ that which he professes; which ought to be always present to his mind, and to which everything is to be referred.

","Sir Joshua Reynolds
",Discourses on Art,aswl1_e1
leitmotif,"['device', 'common', 'concept']",n.,,"1876, “a musical figure to which some definite meaning is attached”, from German Leitmotiv, literally “lead motive”, from leiten “to lead” + Motivs “motive.” Associated with Wagnerian musical drama.","['leiten-', '-motivs']","['a musical figure to which some definite meaning is attached', 'lead motive']","['explore the difference between a leitmotif and a motif.', 'consider the use leitmotifs in popular culture, fine art, literature, or music.']","['Are leitmotifs and motifs the same thing?', 
'What is the difference between them?', 
'How can we use the concept of leitmotif to complicate a motif?', 
'What is the function of a leitmotif?', 
'What does it mean that we can identify patterns in literature and in science?', 
'Do patterns exist or do we create them?', ]","Men, for whom we are told women were made, have too much occud the thoughts of women; and this association has so entangled love with all their motives of action; and, to harp a little on an old string, having been solely employed either to prepare themselves to excite love, or actually putting their lessons in practice, they cannot live without love.

","Mary Wollstonecraft
",A Vindication of the Rights of Woman,aswl1_e1
liminal,['common'],adj.,"['liminary (n.)', 'liminality (n.)']","1884, from Latin limen “threshold” + -al.","['limen-', '-al']",['threshold'],"['understand the importance of the opening of a text for that which follows.', 'consider how the opening of a text is a threshold which readers pass through.', 'consider how the liminal may also be seen as the space between a text and a reader.', 'consider how we are in a liminal space.']","['What in the beginning of the text suggests what is to come?', 
'Does the opening of the text suggest an analytical frame?',  
'Do we ever arrive at our destinations or merely traverse liminalities?',
'Is “consciousness” the liminal space between the unconscious and reality?',
'How are you at a threshold?', ]","If ‘the Dixie Pike,’ as Jean Toomer put the matter in Cane, ‘has grown from a goat path in Africa,’ then the black vernacular tradition stands as its signpost, at that liminal crossroads of culture contact and ensuing difference at which Africameets Afro-America.

","Henry Louis Gates, Jr. 
",The Signifying Monkey,aswl1_e1
line,"['device', 'essential', 'common', 'concept']",n.,,"1560s, “any short piece of writing” (especially poetry), from “line” in the sense “row of verse”, attested since late Old English (answering to Latin versus, Greek stikhos). Hence “a few words in writing, a short letter”', 1640s), 1882, ""Words of an actor’s part”, 1670s, “Outlines, plans” (of a building, ship, etc.); hence, figuratively, “plan, model” of anything (1757)., Lines of communication originally were transverse trenches in siegeworks, from “line” in a military sense “trench, rampart,” a collective singular from 1690s given a new currency in World War I.",,['row of verse'],"['know that in poetry there are lines (not sentences) and stanzas (not paragraphs).', 'know that a line can contain a caesura, and either be enjambed or be end-stopped.', 'know how to cite a line of poetry in their writing.', 'know how to properly quote two lines of poetry across a line break.', 'examine the symmetry or asymmetry of a poem based upon line length and the number of lines in each stanza.', 'be aware that we also speak of lines in drama.']","['What is a line of poetry?', 
'How do we cite line numbers?', 
'Why should we pay attention to whether a line is enjambed or end-stopped?', 
'What effect can an equal or unequal line length (or stanza length) convey?']","The number of scenes in each act has never been prescribed by rule, but since the whole act must have a certain number of lines which make its length proportionate to that of the others, one may include in it more or fewer scenes depending on whether they are long or short to fill up the time which the whole act is to consume.

","Pierre Corneille
","Of the Three Unities of Action, Time, and Place",aswl1_e1
line break,"['device', 'essential', 'common', 'concept']",n.,,Referring to the space between stanzas in a poem.,,['the space between stanzas in a poem'],"['know the two ways that a line of poetry can break: enjambment and end-stop.', 'experience a concrete poem where the shape enhances the significance of the text.']","['How does the line break effect the structure of the poem?', 
'How might the line break work to emphasize, deemphasize, or connect various aspects of the poem?', 
'What is the visual effect of the poem?', 
'How can line breaks be used to create concrete effects?']","This is suggested in the pun propelled by an emphatic, odd line break: 'I 
have seen you sit / Hours,' encrypting, 'I have seen you sit[,] / [ours].'",Rachel Blau Duplessis,Blue Studios: Poetry and Its Cultural Work,aswl1_e1
linear,"['essential', 'common']",adj.,"['linearity (n.)', 'linearly (adv.)']","1640s, from French linéaire, from Latin linearis “belonging to a line”, from linea “string, line.”",,['belonging to a line'],"['understand the concept of linear time.', 
'consider non-linear views of time.']","['What does it mean that time is linear?',
'How might memory or foresight complicate the linearity of time?', 
'What are some non-linear views of time?',
'How do we see writers making use of linear and non-linear time in argumentation or narrative?']","Sometimes the linear nature of the signifier is not ob,vious. When I accent a syllable, for instance, it seems that I am concentrating more than one significant element on the same point. But this is an illusion; the syllable and its accent constitute only one phonational act. There is no duality within the act but only different oppositions to what precedes and what follows.

","Ferdinand de Saussure 
",Course in General Linguistics,aswl1_e1
literal,"['essential', 'common']",adj.,['literally (adv.)'],"Late 1400s, “Taking words in their natural meaning” (originally in reference to Scripture and opposed to mystical or allegorical), from Old French literal and directly from Late Latin literalis/litteralis “of or belonging to letters or writing”, from Latin litera/littera “letter, alphabetic sign; literature, books.”, Late 1500s, “of or pertaining to alphabetic letters”., 1590s, “verbally exact”, 1791, Literal-minded.",,['taking words in their natural meaning'],"['know that literal is the opposite of figurative.', 
'consider the term “literal” in relation to concrete and abstract.',
'What is the difference between the literal and the figurative meaning of a text?',
'What is the significance of interpreting an utterance literally or figuratively, e.g. “I nearly died."" ', 
'Is there any danger in confusing the figurative and the literal?',
'Given the nature of language, is it possible to “literally” say anything?']","['What is the difference between the literal and the figurative meaning of a text?',
'What is the significance of interpreting an utterance literally or figuratively, i.e. “I nearly died.” ',
'Is there any danger in confusing the figurative and the literal?',
'Given the nature of language, is it possible to “literally” say anything?']","To understand literally these metaphors or ideas expressed in poetical language, seems to be equally absurd as to conclude, that because painters sometimes represent poets writing from the dictates of a little winged boy or genius, that this same genius did really inform him in a whisper what he was to write; and that he is himself but a mere machine, unconscious of the operations of his own mind.

","Sir Joshua Reynolds
",Discourses on Art,aswl1_e1
metaphor,"['device', 'essential', 'common', 'concept']",n.,"['metaphorical (adj.)', 'metaphorically (adv.)']","Late 1500s, from Middle French metaphore (Old French metafore, 1300s), and directly from Latin metaphora, from Greek metaphora “a transfer”, especially of the sense of one word to a different word, literally “a carrying over”, from metapherein “transfer, carry over; change, alter; to use a word in a strange sense”, from meta- “over, across” + pherein “to carry, bear.”","['meta-', '-pherein']",['a figure of speech in which a word or phrase is applied to an object or action to which it is not literally applicable.'],"['know that metaphor is the opposite of simile.', 
'gauge the impact of a metaphor versus a simile.', 
'employ metaphor in our own writing.', 
'identify the use of metaphor.', 
'explain the potential significance of a metaphor in a  text.', 
'identify people by metaphor rather than name.', 
'consider how all language is metaphorical, i.e, the signifier is the signified or the word is the thing.'
]","['What is the difference between a metaphor and a simile?',
'What does it mean to say that all language is metaphor?',
'Why is metaphor an effective technique in communication?',
'How can metaphor be used in other disciplines such as mathematics or physics?']","
I want to attract the attention of a young child
who is eating bread and butter and getting the butter on her fingers. I call, Hey, butterfingers! This is a figure of speech, a clearly prosaic trope. Now a different example. The child is playing with my glasses and drops them. I call, Hey butterfingers! This figure of speech is a poetic trope. (In the first example, butterfingers is metonymic; in the second, metaphoric-but this is not what I want to stress.)

","Victor Shklovsky
",Art as Technique,aswl1_e1
mood,"['device', 'essential', 'common', 'concept']",n.,['moody (adj.)'],"“Emotional condition, frame of mind”, Old English mod “heart, frame of mind, spirit; courage, arrogance, pride; power, violence”, from Proto-Germanic motha- (cognates: Old Saxon mod “mind, courage”, Old Frisian mod “intellect, mind, intention”, Old Norse moðr “wrath, anger”, Middle Dutch moet, Dutch moed, Old High German muot, German Mut “courage,” Gothic moþs “courage, anger”), of unknown origin. A much more vigorous word in Anglo-Saxon than currently, and used widely in compounds such as modcræftig “intelligent,” modful “proud.”, 1850s, to be in the mood “willing (to do something)”, 1942, mood swings

",,"['emotional condition', 'frame of mind willing (to do something)']","['understand the relationship between mood and tone.', 'identify the mood of a text and provide evidence to support the identification.']","['How can a writer create a mood?',
'What is the relationship between mood and tone?',
'Is there a place for a comedic or light-hearted mood in serious writing?',
'How might sentence length, adjectives, adverbs, and punctuation marks contribute to mood?']","It can be either felt or thought; the two things are similar but different; and it requires practice to do both at once. [...] But it may mean something more important, involving a distinction between ‘sensation’ and ‘feeling’; that what the poet has conveyed is no assembly of grammatical meanings, capable of analysis, but a ‘mood,’ an ‘atmosphere,’ a ‘personality,’ an attitude to life, an undifferentiated mode of being.

","William Empson
",Seven Types of Ambiguity,aswl1_e1
motif,"['device', 'essential', 'common', 'concept']",n.,,"1848, “Theme, predominant feature”, from French motif “dominant idea, theme”.",,"['theme', 'predominant feature; dominant idea', 'theme']","['explore the difference between a leitmotif and a motif.', 'consider the use of motifs in popular culture, fine art, literature, or music.']","['Are leitmotifs and motifs the same thing?', 'What is the difference between them?', 
'How can we use the concept of motif to simplify a leitmotif?', 
'What is the function of a motif?', 
'What does it mean that we can identify patterns in literature?', 'In science?', 
'Do patterns exist or do we create them?', ]","The discovery of various techniques of plot construction (step-by-step structure, parallelism, framing, the weaving of motifs, etc.) clarified the difference between the elements used in the construction of a work and the elements comprising its material (its story, the choice of motifs, the characters, the themes, etc.)

","Boris Eichenbaum
",The Theory of the “Formal Method”,aswl1_e1
nostalgia,"['essential', 'common', 'concept']",n.,['nostalgic (adj.)'],"1770, “Severe homesickness considered as a disease”, from Modern Latin,  a rendering of German heimweh “homesickness” (home + woe), From Greek algos “pain, grief, distress” + nostos “homecoming,”, 1754, French nostalgie is in French army medical manuals., 1830s, used for any intense homesickness: that of sailors, convicts, African slaves.', '1920, Transferred sense (the main modern one) of “wistful yearning for the past”, perhaps from such use of nostalgie in French literature. The longing for a distant place also necessarily involves a separation in time.

",,['homesickness; wistful yearning for the past'],"['consider the relationship between nostalgia and history.', 
'explore the relationship between time, space, and nostalgia.',
'communicate an experience of nostalgia.', 
'consider how nostalgia for a particular time and space reveals identity.']","['What is nostalgia?',
'Are our memories of previous times and spaces reliable?',
'Why do we experience nostalgia?',
'Can we experience nostalgia for a time or space that we have never experienced?']","Behind these concepts and among those who (properly or improperly) employ them, there is a kind of nostalgia; behind the concept of ideology, the nostalgia for a quasi-transparent form of knowledge, free from all error and illusion, and behind the concept of repression, the longing for a form of power innocent of all coercion, discipline and normalisation.

","Michel Foucault
",Truth and Power,aswl1_e1
omen,"['essential', 'common', 'concept']",n.,['ominous (adj.)'],"1580s, from Latin omen “foreboding”, from Old Latin osmen, of unknown origin; perhaps connected with the root of audire “to hear” or from o- “to believe, hold as true”.",,"['foreboding', 'an event regarded as a portent for good or evil']","['consider the relationship between omens and symbols.', 
'distinguish between good and bad omens.', 
'consider the relationship between omens and intuition.', 
'consider the relationship between omens and reason.', 
'explore omens in a different cultures.', ]","['Is it reasonable to believe in omens?',
'What might be the logical explanation for the cultural existence of omens?',
'How can a writer create an ominous mood?',
'Is it possible that omens are unconscious signifiers?']","If we look at comedy, we find that a situation is presented which gradually becomes more ominous and threatening and foreboding of disaster to the characters with which we are sympathetic. Then there’s a kind of gimmick or sudden shift in the plot, and eventually it moves towards a happy ending where everybody gets married, and the hero and heroine’s real life is assumed to begin after the play is over.
","Northrup Frye
",Symbolism in the Bible,aswl1_e1
oral tradition,"['common', 'concept']",n.,,"Oral tradition and oral lore is cultural material and tradition transmitted orally from one generation to another. The messages or testimony are verbally transmitted in speech or song and may take the form, for example, of folktales, sayings, ballads, songs, or chants. In this way, it is possible for a society to transmit oral history, oral literature, oral law and other knowledges across generations without a writing system.",,['cultural material and tradition transmitted orally from one generation to another'],"['understand the difference between an oral tradition and a written history.', 
'know that language is both written and spoken.', 
'consider the antagonism between oral tradition and written history.', 
'know that a people without a written history may have an oral history.', 
'consider how language itself is an oral tradition.', 
'engage in an exploration of someone’s oral history from your community.'
]","['Is a written history superior to an oral history?',
'What are the limitations of an oral history?',
'How much of your personal history is orally transmitted?',
'In what sense is the static nature of a written history dangerous?',
'Which regions or cultures around the world have an oral tradition?']","Hurston’s very rhetorical strategy, her invention of what I have chosen to call the speakerly text, seems designed to mediate between, for fiction [...] a profoundly lyrical, densely metaphorical, quasi-musical, privileged black oral tradition on the one hand, and a received but not yet fully appropriated standard English literary tradition on the other hand.

","Henry Louis Gates, Jr.
",The Signifying Monkey,aswl1_e1
"personify
","['device', 'essential', 'common']",tr. v.,"['personification (n.)', 'personified (adj.)']","1727 “to attribute personal form to things or abstractions” (especially as an artistic or literary technique), from person + -fy or from French personnifier (17c.), from personne., 1806 meaning “to represent, embody”.
","['person-', '-ify']","['to attribute personal form to things or abstractions to represent', 'embody']","['know that personification is the opposite of zoomorphication.', 
'know that personification is a synonym for anthropomorphication.', 
'consider personification in relation to prosopopeias, apostrophe, and zoomorphism.', 
'explore the use of personification in a text and discuss its potential significance.', 
'consider the relationship between personification and extended metaphor.',         
'utilize personification in writing.']","['Is it easier to understand people or things?',
'How is a thing like a person?',
'How is a person like a thing?',
'Why do writers use personification?',
'How can we effectively use personification?']","The reader will find that personifications of abstract ideas rarely occur in these volumes, and are utterly rejected, as an ordinary device to elevate the style, and raise it above prose. My purpose was to imitate, and, as far as possible, to adopt the very language of men; and assuredly such personifications do not make any natural or regular part of that language.


",William Wordsworth,Preface to the 2nd Edition of Lyrical Ballads,aswl1_e1
polysyndeton,"['device', 'concept']",n.,,"The use of several conjunctions in close succession, especially where some could otherwise be omitted (as in “she tried and failed and tried again”). The word polysyndeton comes from the Greek “poly-,” meaning “many,” and “syndeton,” meaning “bound together with.”","['poly-', '-syndeton']",['use of several conjunctions in close succession'],"['know that polysyndeton is the opposite of asyndeton.', 'recognize the use of this device in both poetry and prose.', 'consider the effect of polysyndeton in speeches.', 'be aware that polysyndeton is a technique to employ when wishing to place emphasis on items in a list.', 'employ polysyndeton in our own writing.']","['How does polysyndeton effect the pacing of a speech?',
'Is the polysyndeton emphasizing the items it contains?']","An example of the problems encountered is that both the omission of connectives (here called dialusis; in modern terminology asyndeton) and the repetition of connectives (sunapheia; polysyndeton) can create impressiveness.
",George A. Kennedy,"“The Evolution of a Theory of Artistic Prose: Demetrius, On Style”",aswl1_e1
rhyme,"['device', 'essential', 'common', 'concept']",n.,"['rhyming (adj.)', 'rhyme (v.)']","1560s,“agreement in terminal sounds”, partially restored spelling, from Middle English ryme, rime (~1200) “measure, meter, rhythm,” later “rhymed verse” (mid-1300s.), from Old French rime (fem.), related to Old Provençal rim (masc.), earlier ritme, from Latin rithmus, from Greek rhythmos “measured motion, time, proportion.”', '1500s, Phrase rhyme or reason “good sense” (chiefly used in the negative)', '1931, rhyme scheme.",,['agreement in terminal sounds'],"['know the varieties of rhyme: full rhyme, slant rhyme, end rhyme, internal rhyme.', 
'determine the rhyme scheme of a poem.', 
'be aware of rhyme scheme and poetic forms, i.e.,  the sonnet, the villanelle, the sestina.', 
'produce a poem with a rhyme scheme.', 
'consider whether rhyme aids memory.', 
'consider how rhyme affects the rhthym of the poem.']","['Why do we mark the rhyme scheme of a poem?',
'How is rhyme used in popular music?',
'Besides words, can other things rhyme?',
'What is unintentional rhyme?',
'Do poems have to rhyme?',
'Why might a poet decide to employ rhyme?',
'Which is more subtle end rhyme or internal rhyme?', 'Full rhyme or slant rhyme?']","Now, that verse far exceedeth prose in the knitting up of the memory, the reason is manifest—the words (besides their delight, which hath a great affinity to memory) being so set as one word cannot be lost but the whole work fails; which accuseth itself, calleth the remembrance back to itself, and so most strongly confirmeth it. Besides, one word so, as it were, begetting another, as, be it in rhyme or measured verse, by the former a man shall have a near guess to the follower.
",Sir Philip Sydney,An Apology for Poetry,aswl1_e1
stanza,"['device', 'essential', 'common', 'concept']",n.,['stanzaic (adj.)'],"1580s, “group of rhymed verse lines”, from Italian stanza “verse of a poem,” originally “standing, stopping place,” from Vulgar Latin stantia “a stanza of verse,” so called from the stop at the end of it, from Latin stantem (nominative stans), present participle of stare “to stand,” from  root stā- “to stand, set down, make or be firm.”",['stantem'],['group of rhymed verse lines'],"['know that poetry is structured in stanzas, not paragraphs.', 
'know that stanzas are separated by line breaks.', 
'consider how the stanzaic structure of a poem may add to the potential significance.', 
'know the relationship between stanza length and poetic forms.'

]","['How might stanzaic organization aid in conveying meaning?',
'Is a stanza in poetry similar to a paragraph in prose?',
'How does stanza length relate to rhythm?']","Spenser concentrates the reader’s attention on to the movement of his stanza: by the use of archaic words and constructions, so that one is at a safe distance from the exercise of an immediate judgment,’ by the steady untroubled low of similar lines, by making no rapid change of sense or feeling, by sustained alliteration, parallel adjectives, and full statement of the accessories of a thought, and by the dreamy repetition of the great stanza perpetually pausing at its close.
",William Empson,Seven Types of Ambiguity,aswl1_e1
text,"['essential', 'common', 'concept']",n.,['textual (adj.)'],"Late 1400s, “wording of anything written”, from Old French texte, Old North French tixte “text, book; Gospels” (~1200), from Medieval Latin textus “the Scriptures, text, treatise,” in Late Latin “written account, content, characters used in a document,” from Latin textus “style or texture of a work,” literally “thing woven,” from past participle stem of texere “to weave, to join, fit together, braid, interweave, construct, fabricate, build,” from root teks- “to weave, to fabricate, to make; make wicker or wattle framework.”",['texts'],"['anything written', 'thing woven']","['know that a text refers to anything that can be interpreted.', 
'consider whether everything is a text.', 
'consider whether all literature is just one text.'

]","['How does text as a “thing woven” change your understanding of the term?',
'Are you a text?',
'What does it say about texts that they can be interpreted?',
'How are all texts interrelated?']","A classical text must never be entirely comprehensible. But those who are cultivated and who cultivate themselves must always want to learn more from it.

",Friedrich Schlegel,Critical Fragments,aswl1_e1
trait,"['essential', 'common', 'concept']",n.,,"Late 1500s, “shot, missiles;” later “a stroke in drawing, a short line”', '1752, in English “particular feature, distinguishing quality”",,"['particular feature', 'distinguishing quality']","['consider various types of character traits.', 
'consider which trait best describes a character.', 
'consider our own character traits.', 
'consider how a character might possess both positive and negative traits.', 
'consider both physical and non-physical traits.'

]","['How do individual traits combine to form a complete character?',
'Can the parts be understood without the whole or vice-versa?',
'What traits do we commonly consider as positive or negative?', 
'Why are certain traits considered as positive or negative?']","I find that Homer paints nothing but progressive actions, and paints all bodies and individual things only on account of their relation to these actions, and generally with a single trait. 

",Gotthold Ephraim Lessing,Laocoön,aswl1_e1
translation,"['essential', 'common', 'concept']",n.,"['translator (n.)', 'translated (adj.)', 'translate (v.)']","Mid-1400s, “removal of a saint’s body or relics to a new place”, '“rendering of a text from one language to another”, from Old French translacion “translation” or directly from Latin translationem “a carrying across, removal, transporting; “transfer of meaning.”",,"['rendering of a text from one language to another, transfer of meaning']","['be aware of the three basic types of translation: interlingual, intralingual, and intersemiotic.', 
'consider how we “translate” sense perception.', 
'consider translation as a type of negotiation.', 
'evaluate an original text and its translation.', 
'evaluate two different translations.', 
'translate a text.'

]","['How do we translate even within our own languages?',
'Is translation an art?',
'In a sense, is every text a translation?',
'What are the three basic types of translation?']","Now an Allegory is but a translation of abstract notions into a picture-language which is itself nothing but an abstraction from obj ects of the senses; the principal being more worthless even than its phantom proxy, both alike unsubstantial, and the former shapeless to boot. 

",Samuel Taylor Coleridge,The Statesman’s Manual,aswl1_e1
trope,"['device', 'common', 'concept']",n.,"['tropological (adj.)', 'topologically (adv.)']","1530s, from Latin tropus “a figure of speech”, from Greek tropos “a turn, direction, course, way; manner, fashion”, in rhetoric, “turn or figure of speech”, related to trope “a turning” and trepein “to turn”, from root trep- “to turn”.",['trep-'],"['a figure of speech', 'a significant or recurrent theme; a motif']","['know that tropes refer to common devices or structures used in literature.', 
'be aware of common tropes.', 
'consider how tropes are modified to avoid becoming clichéd.', 
'consider trope in relationship with conceit.']","['What are some common tropes in popular culture?',
'How are tropes updated or modified?',
'Can symbols be tropes?',
'How do tropes help to create meaning?']","The etymologist finds the deadest word to have been once a brilliant picture. Language is fossil poetry. As the limestone of the continent consists of infinite masses of the shells of animalcules, so language is made up of images or tropes, which now, in their secondary use, have long ceased to remind us of their poetic origin. 

",Ralph Waldo Emerson,The Poet,aswl1_e1
"abstract
","['essential', 'common']","adj.

","['abstract (v.)', 'abstraction (n.)']","Mid 1400s, “withdrawn or separated from material objects or practical matters”.', '~1400, “difficult to understand, abstruse”.', '1914, in reference to modern art ', '1940s-50s, abstract expressionism, specifically in reference to the work of Jackson Pollock, though the term itself had been used in the 1920s of Wassily Kandinsky as well as certain Impressionistic painters such as Claude Monet.",['abs-'],"['withdrawn or separated from material objects or practical matters', 'difficult to understand', 'abstruse']","['know that abstract is the opposite of concrete.', 'considered the term “abstract” in relation to figurative and literal.', 'explore whether these terms apply to other disciplines as well.', 'consider the significance of abstract art for art itself and Modernism.'
]","['How is it that abstract concepts in mathematics lead to concrete results?', 
'Is something similar happening in literature?', 
'Since language itself has an intrinsic dependence on metaphor, is it possible to escape abstraction?']","The physician weigheth the nature of a man’s body, and the nature of things helpful or hurtful unto it. And the metaphysic, though it be in the second and abstract notions, and therefore be counted supernatural, yet doth he indeed build upon the depth of nature. 
 ",Sir Philip Sydney,An Apology for Poetry,aswl1_e1
Apollo,"['figure', 'common']",n.,['Apollonian (adj.)'],"Olympian deity. God of music, poetry, medicine, etc., later identified with Helios, the sun god. The name is a Latin form of Greek Apollon, said to be perhaps related to an obsolete Greek verb meaning “to drive away” (evil, etc.).",,"['Olympian deity', 'god of music', 'poetry', 'medicine']","['know that Apollo will function as the primary archetype of masculinity from which other symbolic and archetypal functions will be derived.', 'explore what possibille significations arise from Apollo and enumerate them.', 'understand how Apollonian archetypes compare to those of Dionysus.' ]","['Are there any archetypes that are universal?', 
'What might the presence or absence of universal archetypes suggest about the human condition?', 
'What objects in your classroom or home are Apollonian in nature?', ]","It is by those two art sponsoring deities, Apollo and Dionysus, that we are made to recognize the tremendous split, as regards both origins and objectives, between the plastic, Apollinian arts and the nonvisual art of music inspired by Dionysus. 
","Friedrich Nietzsche
","The Birth of Tragedy
",aswl1_e1
asyndeton,"['device', 'concept']",n.,,"1580s, “omission of conjunctions”, from Latin, from Greek asyndeton, neuter of asyndetos “unconnected,” from a-, privative prefix, + syndetos, from syndein “to bind together,” from syn- “together” + dein “to bind,” related to desmos “band,” from de- “to bind.”","['a-', 'syn-', '-dein']",['omission of conjunctions'],[],"['How does asyndeton effect the pacing of a speech?', 
'When an asyndeton is encountered as a list of items, does it suggest a symbolic relationship between those items?', ]","[I]n the speech against Meidias, examples will be found of asyndeton, interwoven with instances of anaphora and diatyposis. ‘For the smiter can do many things (some of which the sufferer cannot  even describe to another) by attitude, by look, by voice.’

","Pseudo-Longinus
",On the Sublime,aswl1_e1
conceit,"['device', 'common', 'concept']",n.,,"Late 1300s, “something formed in the mind, a thought, a notion”, from conceiven based on analogy of deceit and receipt.', '1510s “fanciful or witty notion”', '~1600, “vanity” through shortening of self-conceit', 'For literature, refers to a motif or trope common in texts.",,"['something formed in the mind', 'a thought', 'a notion']","['understand literary conceits within particular types of literature or particular historical moments.', 'explore how having pre-conceived notions can both help and hinder the exploration of literature as well as our own lives.'

 

]","['What conceits about literature guide your reading?', 
'What conceits are necessary to understand literature?', 
'What conceits about how “life” work to guide your actions?', 
'Are conceits helpful, dangerous, or both?']","The seventeenth century gave us the conceit or intellectualized image of metaphysical poetry, typically Baroque in its ability to express an exuberant sense of design combined with a witty and paradoxical sense of the stress and tension underlying the design.

","Northrup Frye
",Anatomy of Criticism,aswl1_e1
concrete,"['essential', 'common']",adj.,"['concrete (n.)', 'concretize (tr.)', '(v.)']","Late 1400s, “actual, solid”, from Latin concretus “condensed, hardened, thick, hard, stiff, curdled, congealed, clotted”, figuratively “thick; dim,” literally “grown together;” “to grow together,” from com- “together” + crescere “to grow.”', '1834, “building material made from cement, etc.”",,"['actual', 'solid']","['know that concrete is the opposite of abstract.', 'consider the term “concrete” in relation to figurative and literal.', 'explore whether these terms apply to other disciplines as well.', 'know that giving concrete examples for abstract ideas is an especially effective means of communication.'
]","['What are some methods that  a writer can use to concretize an abstract idea?', 
'What might be a problem with writing that is purely concrete or purely abstract?', ]","The second requirement, which is deducible from the first, is the demand that the content of art should be nothing essentially abstract. This does not mean, however, that it should be merely concrete in the sense that the sensuous object is such in its contrast to all that is spiritual and the content of thought, regarding these as the essentially simple and abstract.

","Georg Wilhelm Friedrich Hegel
",The Philosophy of Fine Art,aswl1_e1
constructive,"['essential', 'common']",adj.,"['construct (v.)', 'construct (n.)']","Early 1500s, “derived by interpretation”, from Middle French constructif or from Medieval Latin constructivus, from Latin construct-, past participle stem of construere “to heap up”.',  '1817, “pertaining to construction”', '1841, “having the quality of constructing”', '1841, constructive criticism.",['con-'],"['derived by interpretation', 'pertaining to construction', 'having the quality of constructing']","['consider “constructive,” as an adjective to describe the means by which student-to-student and teacher-to-student criticism should be conducted.', 'understand how to comment upon the work of others in a “constructive” way.', 'consider the verb form (of construct) as useful in how we “construct” an argument or “construct” ourselves.', 'consider the noun form (of construct) as the idea of self being a construct of external forces.', 'consider how our perspectives of the world do not exist in-and-of-themselves, but are “constructed.""']","['How do we give constructive criticism to our peers?', 'To our superiors?', 
'To what extent is identity constructed?', 'Is it possible to “deconstruct” one’s identity and then “re-construct” it?', 
'To what extent is reality itself a construct?']","Imagism is motivated by a distaste for the systematic abstractedness of thought. It presupposes acquaintance with science; that famous activity which is ‘constructive’ with respect to the tools of our economic role in this world, and destructive with respect to nature.

","John Crowe Ransom
",Poetry: A Note in Ontology,aswl1_e1
deus ex machina,"['essential', 'common', 'concept']",n.,,"1690s, from Modern Latin translation of Greek, literally “the god from the machine”, the device by which “gods” were suspended over the stage in Greek theater. The feminine is dea ex machina.",,"['the god from the machine', 'the device by which gods were suspended over the stage in Greek theater']","['know of the use of this device in Greek theatre and the state of this device today.', 
'consider the device in the abstract, i.e.,  escapism, daydreaming, popular culture.'
 
]","['What is the role of the deux ex machina in Greek theatre?', 
'Which playwrights utilized the device?', 
'How is the device used today?', 
'How does the device apply to everyday life?']","The bridge should not be parachuted down from above; it should not be imposed by a deus ex machina upon the social scene; on the contrary it should come from the muscles and the brains of the citizens.

",Frantz Fanon,The Wretched of the Earth,aswl1_e1
dialectic,"['device', 'essential', 'common', 'concept']",n.,['dialectical (adj.)'],"1580s, earlier dialatik (late 1400s), from Old French dialectique (1200s), from Latin dialectica, from Greek dialektike (techne) “(art of) philosophical discussion or discourse”, fem. of dialektikos “of conversation, discourse”, from dialektos “discourse, conversation”. Originally synonymous with logic; in modern philosophy refined by Kant, then by Hegel, who made it mean “process of resolving or merging contradictions in character”.",['Latin dialectica'],"['(art of) philosophical discussion or discourse', 'discourse', 'conversation', 'process of resolving or merging contradictions in character']","['understand what a dialectic view of history is.', 
'examine the relationship between opposing forces.', 
'understand the terms thesis, antithesis, and synthesis.', 
'give examples of dialectic forces in our everyday lives.', 
'local dialectical elements in a text.'
]","['What is a dialectic view of history?',
'How can we synthesize oppositional forces?',
'What comment does the dialectic make upon progress?',
'Are our identities dialectical?']","The notion of the free expression of opinion, indeed, that of intellectual freedom itself in bourgeois society, upon which cultural criticism is founded, has its own dialectic. For while the mind extricated itself from a theological feudal tutelage, it has fallen increasingly under the anonymous sway of the status quo.

","Theodor W. Adorno
",Cultural Criticism and Society,aswl1_e1
Dionysus,"['person', 'common']",n.,['Dionysian (adj.)'],"Of or pertaining to Dionysos (Latin Dionysus), Greek god of wine and revelry, identified with Roman Bacchus. Refers to archetypes of femininity.",,"['god of wine and revelry', 'archetypes of femininity']","['know that Dionysus will function as the primary archetype of masculinity from which other symbolic and archetypal functions will be derived.', 'explore what possibille significations arise from Dionysus and enumerate them.', 'understand how Dionysian archetypes compare to those of Apollo.'
]","['Are there any archetypes that are universal?', 
'What might the presence or absence of universal archetypes suggest about the human condition?', 
'What objects in your classroom or home are Dionysian in nature?', ]","[L]ike Bacchic maidens who draw milk and honey from the rivers when they are under the influence of Dionysus but not when they are in their right mind.  And the soul of the lyric poet does the same, as they themselves say.

",Plato,Ion,aswl1_e1
epilogue,"['device', 'essential', 'common']",n.,,"Early 1500s, from Middle French epilogue (1300s), from Latin epilogus, from Greek epilogos “a conclusion, conclusion of a speech, inference”, from epi “upon, in addition” + logos “a speaking.” Earliest English sense was theatrical.","['epi-', '-logos']","['a conclusion', 'conclusion of a speech']","['know that epilogue is the opposite of prologue.', 'understand the purpose of an epilogue (or conclusion) in their writing.', 'consider how a writer utilizes an epilogue to summarize key points as well as synthesize and conclude the argument.'


]","['What is the purpose of an epilogue?', 
'What componets make for a successful epilogue?', 
'How does an epilogue aid the reader?', 
'How does an epilogue bring an argument to a close?']","Now to come to the end of this definition, I think it would be well to recapitulate in a brief epilogue what has been said before about the final cause of poetry.

","Giacopo Mazzoni
",On the Defense of the Comedy of Dante,aswl1_e1
hero,"['device', 'essential', 'common', 'concept']",n.,"['heroine (n.), fem.', 'heroic (adj.)']","Late 1300s, “man of superhuman strength or physical courage”, from Old French heroe (1300s, Modern French héros), from Latin heros (plural heroes) “hero, demi-god, illustrious man”, from Greek heros (plural heroes) “demi-god,” a variant singular of which was heroe.', '1660s, “man who exhibits great bravery” in any course of action', '1690s, sense of “chief male character in a play, story”', '1713, ""hero-worship"", in reference to ancient cults and mysteries; of living men by 1830s.', '8 BCE, “man born from a god and a mortal”, especially one who had done service to mankind; with the exception of Heracles limited to local deities and patrons of cities.",,"['man of superhuman strength or physical courage, chief male character in a play', 'story']","['identify the hero in a text and provide evidence as to why a particular character is a “hero.""',
'explore different ideas of “heroes” from everyday heroes to superheroes.', 'consider how the idea of a hero has changed over time.'

]","['What are the qualities of a hero?',
'Can anyone be a hero?',  
'How has the idea of hero changed over time?', 
'Who’s your hero?']","As a rough general formula, ‘a length which allows of the hero passing by a series of probable or necessary stages from misfortune to happiness, or from happiness to misfortune’, may suffice as a limit for the magnitude of the story.

",Aristotle,Poetics,aswl1_e1
hubris,"['essential', 'common', 'concept']",n.,['hubristic (adj.)'],"1884, hybris a back-formation from hubristic or else from Greek hybris “wanton violence, insolence, outrage”, originally “presumption toward the gods”; the first element probably ud- “up, out”  but the meaning of the second is debated.",['hybris'],['presumption toward the gods'],"['know that hubris is a type of “hamartia” or tragic flaw.', 'identify hubris in a character and explain how it leads to their downfall.', 'explore why hubris is a tragic flaw.'

]","['What is hubris?',
'Is hubris simply pride?', 
'Can bravery be hubristic?', 
'Why is hubris a tragic flaw?', ]","One could of course understand Creon’s efforts as the marks of hubris and pride, but ‘hubris’ here indicates an attempt to reach too widely and to equate the polis with the whole, rather than an attempt to attempt reach too ‘high.’

",Anthony J. Cascardi,“Tragedy and Philosophy”,aswl1_e1
in medias res,['concept'],adv.,,"From Horace, Latin, literally “in the midst of things”, from medias, accusative fem. plural of medius “middle” + accusative plural of res “a thing,” from  re- “to bestow, endow”.",['re-'],['in the midst of things'],"['know that the convention of an epic is to begin a story in medias res.', 'consider how a narrative that is not an epic may begin in medias res to give an epic aura.', 'consider how we all have entered life “in medias res."" '



]","['What is the effect of beginning a narrative in the middle of the action?', 
'Is beginning a story in the middle of the action an effective technique?', 'Why or why not?', 
'What is suggested about your experience of life being entered upon in medias res?']","The unnamed protagonist opens the book ‘at random’—indeed just as we always hear details, episodes, or encounters of a person’s experience in medias res, and never in any complete way from a pure beginning.

","Garry L. Hagberg
",Literature and the Constitution of Personhood,aswl1_e1
katabasis,['concept'],n.,['Katabatic (adj.)'],"From Ancient Greek kata meaning ""downward"" and basis ""to go"", a journey to the underworld, later Latin equivalent Descensus ad Inferos, especially Christ’s Descent into Hell or Christ’s Harrowing of Hell. Classical Katabasis often entails a hero’s experience of intense suffering, a meeting with the ancestral dead or nekyia, divine revelation, and the retrieval of an archetypal talisman followed by an Anabasis, or a return to the surface. Contemporary Katabases typically retain the focus on intense suffering but may be more pessimistic with regards to a return to the surface.",,['a journey to the underworld'],"['understand that Katabasis can operate on a purely secular level and need not be based upon Christian symbolism and iconography (Salman Rushdie’s The Satanic Verses).', 
'Katabasis can perhaps offer a narrative paradigm for limit events, or experiences of extreme violence; a way of expressing the supposedly inexpressible (consider Primo Levi’s If This is a Man’s use of Dante’s Inferno, for example).', 
'Katabasis often involves narrative distortion as time and space are represented in unusual ways.',  'For example, Katabatic narratives often deviate from chronological plots, settings often delve into the fantastic.', 'trace the use of Katabatic structure and tropes in a literary text and consider how such tropes develop the text’s primary ideas.' ]","['Consider why Katabatic narratives tend to overshadow their Anabatic counterparts (Dante’s Inferno is surely more widely read than his Paradiso).',
'Consider the types of life experiences that might be rendered meaningful through a Katabatic narrative paradigm (consider tropes such as War is Hell, etc.)',
'Consider how even seemingly mundane aspects of contemporary life can be read in Katabatic terms.', 'Dante’s Inferno is commonly interpreted as an allegory for the sinful life people lead in a city; can we read a subway ride in Shanghai as an underworld experience?']","In essence, whether comic or tragic, the narrative dynamic of Katabasis consists of three movements: a descent, an inversion or turning upside down at a zero point and a return to the surface of some kind.
",Rachel Falconer,Hell in Contemporary Literature: Western Descent Narratives Since 1945,aswl1_e1
myth,"['essential', 'common', 'concept']",n.,"['mythological (adj.)', 'mythic (adj.)']","1830, from French Mythe (1818) and directly from Modern Latin mythus, from Greek mythos “speech, thought, story, myth, anything delivered by word of mouth”, of unknown origin.', 'General sense of “untrue story, rumor” is from 1840.",['mythus'],"['speech', 'thought', 'story', 'myth', 'anything delivered by word of mouth untrue story', 'rumor']","['know the difference between myth and mythology.', 
'understand how myth can apply to various entities: self, nation, technology, etc.', 
'understand how myth can apply to commonplace objects: tables, chairs, telephones, etc.', 
'explore the idea of myth as “a type of speech."" '

]","['Is myth related to ideology?',
'How does a more open understanding of myth aid in interpreting culture?',
'What myths pervade your culture?',
'Is myth related to hearsay?',
'What is “demythologization”?']","What is a myth, today? I shall give at the outset a first, very simple answer, which is perfectly consistent with etymology: myth is a type of speech.

",Roland Barthes,Mythologies,aswl1_e1
non-linear,"['essential', 'common']",adj.,"['non-linearly (adv.)', 'non-linearity (n.)']","1844, also nonlinear, from non- + linear.",,"['not arranged in a straight line', 'not sequential or straightforward']","['know that non-linear is the opposite of linear.', 
'understand various non-linear views of time.', 
'explore the use of non-linear narrative frameworks.', 
'consider the efficacy of utlizing non-linear narratives.', 
'consider how thought and memory function non-linearaly.'

]","['Why might a writer present a non-linear narrative?',
'When do we encounter non-linearity in our lives?',
'Is it possible for time to go backwards?',
'How does a rhizomatic view of events undermine linearity?',
'How might the concept of a “non-linear system” in mathematics apply to the study of narrative?']","Life strives to maintain itself, and does so not by ‘picturing’ an outside world, but through an ongoing, interactive and non-linear system of responses and adjustments.

",Claire Colebrook,“Time and Autopoesis: The Organism Has No Future”,aswl1_e1
plot,"['device', 'essential', 'common', 'concept']",n.,['plot (v.)'],"Old English plot “small piece of ground”, of unknown origin.', '1550s, “ground plan, map, chart”', '1580s, “a secret, plan, scheme”, probably by accidental similarity to complot, from Old French complot “combined plan”', '1640s, “set of events in a story”',  '1957 ""plot-line""",,"['a secret', 'plan', 'scheme, set of events in a story']","['consider the term plot in relation to fabula, syuzhet, and the three unities.', 'evaluate a plot diagram.', 
'create a plot diagram.', 
'describe a plot within a plot.', 
'distinguish between a plot and a story.']","['Are there only a finite number of plots?',
'Do our stories have a structure?',
'How do our stories mark out a space?',
'Do our lives have a plot?', 
'Can a story have more than one plot?']","The sensuous externality of form is consequently accepted and represented, as in the symbolic type, as unessential and transient; furthermore the subjective finite spirit and volition is treated in a similar way; a treatment which even includes the idiosyncrasies or caprice of individuals, character, action, or the particular features of incident and plot.

",Georg Wilhelm Friedrich Hegel,The Philosophy of Fine Art,aswl1_e1
point of view,"['device', 'essential', 'common', 'concept']",n.,,"1727, “position from which a thing is viewed”, translating French point de vue, a loan-translation of Latin punctum visus.', '1760, used figuratively.",,['position from which a thing is viewed'],"['know that point of view is a synonym for perspective.', 
'consider point of view in relation to Weltanschauung.', 
'consider how a text has a point of view.', 
'consider the point of view of a character.', 
'experiment with different points of view in writing.', 
'be aware of first-person, second-person, and third-person points of view.']","['How do shifts in point of view effect a text?',
'What is the effect of shifting points of view?',
'Do different perspectives create different stories?',
'Does a second-person point of view have more immediacy than a first- or third-person?',
'When is a first-person perspective best to use?']","The second relation is that of Theory, in which the existing forms and qualities of objects, discovered by observation or experiment, suggest a given arrangement of many under one point of view: and this not merely or principally in order to facilitate the remembrance, recollection, or communication of the same; but for the purposes of understanding, and in most instances of controlling, them.
","Samuel Taylor Coleridge
",Essays on the Principles of Method,aswl1_e1
prologue,"['device', 'essential', 'common', 'concept']",n.,['prologue (v.)'],"Early 1300s, from Old French prologue (1100s) and directly from Latin prologus, from Greek prologos “preface to a play, speaker of a prologue”, literally “a speech beforehand”, from pro- “before” + logos “discourse, speech,” from legein “to speak.”","['pro-', 'logos',]","['preface to a play', 'speaker of a prologue', 'a speech beforehand']","['know that prologue is the opposite of epilogue.', 
'know that a prologue introduces the topic and defines key terms to be used the argument.', 
'examine the relationship between a prologue and its thesis.'
]","['How do writers prologue their arguments?', 
'What elements should a prologue contain?',
'What is the relationship between the prologue and the t hesis?',
'How might the prologue set up a thematic framework for a literary text?', 
'How might a prologue be used to create a mood?']","[I]n the first part, which corresponds to the prologue of tragedy, the poet proposes, narrates, declares the present state of things, and supplies information about the past, as Homer does in his poems...

","Torquato Tasso
",Discourses on the Heroic Poem,aswl1_e1
protagonist,"['device', 'essential', 'common', 'concept']",n.,,"1670s, “principal character in a story, drama, etc.”, from Greek protagonistes “actor who plays the chief or first part”, from protos “first” + agonistes “actor, competitor”, from agon “contest.”', '1889, “leading person in any cause or contest”.', '1935, mistaken sense of “advocate, supporter” is from misreading of Greek protos as Latin pro- “for.”","['pro-', 'logos']","['principal character in a story', 'drama', 'leading person in any cause or contest']","['know that a protagonist is the opposite of antagonist.', 'identify a protagonist in a text.', 'consider whether a minor character may be a protagonist.', 'provide evidence for a character being a protagonist.', 'consider whether a text has one or more protagonists.', 'consider a text whose protagonist is an anti-hero.', 'consider whether an object or a setting is the protagonist.']","['How do we know who the protagonist of a story is?', 'Is a protagonist the same as a hero?', 'What distinguishes a protagonist from an antagonist?']","In some stories the protagonist and antagonist are bonded by some essential moral principle, and we can call this relation metaphorical [...] In other stories, however, the protagonist and antagonist circle in different moral orbits, a disjunction we might call metonymic.

",William M. Burke,“Protagonists and Antagonists in the Fiction of Flannery O’Connor”,aswl1_e1
quest,"['device', 'essential', 'common', 'concept']",n.,,"1300s, “an inquest”.',  'Early 1400s, “a search for something” (especially of judicial inquiries or hounds seeking game), from Old French queste “search, quest, chase, hunt, pursuit; inquest, inquiry”', '1200s, Modern French quête), properly “the act of seeking”', 'Late 1400s, romance sense of “adventure undertaken by a knight” (especially the search for the Grail)', 'Johnson’s dictionary has ""Questmonger: Starter of lawsuits or prosecutions.""",,"['a search for something', 'an adventure']","['consider the quest as a narrative framework.', 
'explore the relationship between a quest and a hero.', 
'consider how the mundane could be transformed into a quest.', 
'be introduced to the relationship between a quest and the genre of Romance.', 
'consider the relationship between a quest and monomyth.', 
'consider the relationship between a quest and a “question."" ']","['Can anyone go on a quest or just a hero?',
'Why do heroes go on quests?',
'What are some qualities of a quest as a narrative technique?',
'In what sense are you on a “quest”?']","The distant goals of the quest, the Holy Grail or the City of God, modulate into symbols of convergence, the emblems of prince, nation, and national faith.

",Northrup Frye,Anatomy of Criticism,aswl1_e1
repetition,"['device', 'essential', 'common', 'concept']",n.,"['repetitive (adj.)', 'repeat (v.)']","Early 1400s, “act of saying over again”, from Old French repetition and directly from Latin repetitionem (nominative repetitio) “a repeating”, noun of action from past participle stem of repetere “do or say again""', '1590, of actions; specifically in physical fitness from 1958.",,['act of saying over again a repeating do or say again'],"['consider the significance of repetition in a text.', 
'know the utility of repetition in argumentation.', 
'consider the relationship between repetition and frequency.', 
'consider to what extent any text is a repetition of a previous text.', 
'explore the relationship between repetition and mutation in evolutionary biology.'
]","['Why is it useful to repeat key words in argumentation?','Since memory creates prejudice, is it possible to repeat?','Does history repeat itself?','What is the relationship between repetition and ritual?','What is the relationship between repetition and ideology?']","[T]he question has often been raised why myths, and more generally oral literature, are so much addicted to duplication, triplication, or quadruplication of the same sequence. If our hypotheses are accepted, the answer is obvious: The function of repetition is to render the structure of the myth apparent.

",Claude Lévi-Strauss,The Structural Study of Myth,aswl1_e1
revolution,"['essential', 'common', 'concept']",n.,"['revolving (adj.)', 'revolve (v.)']","Late 1300s, originally of celestial bodies, from Old French revolucion ""course, revolution (of celestial bodies)"", or directly from Late Latin revolutionem (nominative revolutio) ""a revolving""', 'Mid 1400s, general sense of ""instance of great change in affairs""', '1600~, political meaning ""overthrow of an established political system"", derived from French, and was especially applied to the expulsion of the Stuart dynasty under James II in 1688 and transfer of sovereignty to William and Mary.",,"['turn', 'roll back', 'instance of great change in affairs', 'overthrow of an established political system']","['know revolutionary as a historical framework.', 
'know that revolutionary is the opposite of reactionary.', 
'consider to what extent a text “revolts” against the expectations of genre or narrative structure.', 
'considering how revolution creates a cycle.', 
'research a specific revolution and report on its outcomes.', 
'consider the relationship between revolution and identity.', 
'consider the relationship between a revolution in history and a paradigm shift in the sciences.'
]","['Is history a series of revolutions?',
'What role does literature play in the history of revolutions?',
'Can literature be revolutionary?',
'How might a text “revolt” against its expectations?',
'What is the relationship between revolution and progress?']","[L]iterature (it would be better, from now on, to say writing), by refusing to assign to the text (and to the world-as-text) a ‘secret,’ i.e., an ultimate meaning, liberates an activity we may call countertheological, properly revolutionary, for to refuse to halt meaning is finally to refuse God and his hypostases, reason, science, the law.

",Roland Barthes,“The Death of the Author”,aswl1_e1
rhapsody,"['device', 'common', 'concept']",n.,"['rhapsodical (adj.)', 'rhapsodize (v.)']","1540s, “epic poem”, from Middle French rhapsodie, from Latin rhapsodia, from Greek rhapsoidia “verse composition, recitation of epic poetry; a book, a lay, a canto”, from rhapsodos “reciter of epic poems,” literally “one who stitches or strings songs together,” from rhaptein “to stitch, sew, weave” + oide “song.”', '1630s, “exalted enthusiastic feeling or expression”', '1850s, “sprightly musical composition”",,"['recitation of epic poetry', 'one who stitches or strings songs together', '']","['understand the relationship between a rhapsody and an epic.', 
'consider what aspects within a rhapsody “weave” the narrative together.', 
'consider whether a musical composition can have a narrative.', 
'perform a dramatic recitation.'

]","['What makes a text into a rhapsody?',
'Is there any relationship between composition in music and composition in writing?',
'What commonalities do poetry and song have?',
'How does a song “tell” a story?']","[W]hen poetry was recited, it employed the assistance of song; this combination - formed melodic discourse, or ‘ode’; and from ‘ode’ they began to use the terms rhapsody, tragedy, and comedy. Therefore, since tell was first used in reference to poetic ‘style’ and since among the ancients this poetic style was accompanied by song, the term ‘sing’ was to them equivalent to the term ‘tell’.

",Strabo,Geography,aswl1_e1
rhythm,"['device', 'essential', 'common', 'concept']",n.,"['rhythmic(al) (adj.)', 'rhythmically (adv.)']","1550s, “rhymed verse, metrical movement” from Latin rhythmus “movement in time”, from Greek rhythmos “measured flow or movement, rhythm; proportion, symmetry; arrangement, order; form, shape, wise, manner; soul, disposition,” related to rhein “to flow,” from  root sreu- “to flow.”', '1936, rhythm method of birth control', '1949, rhythm and blues, US music style",,['measured flow or movement'],"['consider the ways in which a writer might create rhythm.', 
'consider whether rhythm is intuitively or rationally experienced.', 
'consider why a writer might break up a rhythm.', 
'perform a dramatic reading of a speech or poem and project its rhthym.', 'consider the relationship between rhythm and rhyme.', 
'consider the relationship between rhythm and alliteration.']","['How can such techniques as alliteration and rhyme create a rhythm?',
'Does consonance break up a rhythm?',
'How can body language be used to emphasize a rhythm?',
'Does everything have rhthym?']","And the worst of it all is that, just as petty lays draw their hearer away from the point and compel his attention to themselves, so also overrhythmical style does not communicate the feeling of the words but simply the feeling of the rhythm.

",Pseudo-Longinus,On the Sublime,aswl1_e1
setting,"['device', 'essential', 'common', 'concept']",n.,['set v.'],"Late 1300s, “Fact or action of setting, putting, placing, planting.”, 'the place or type of surroundings where something is positioned or where an event takes place.",,"['fact or action of setting', 'putting', 'placing', 'planting']","['consider the effect of setting on action.', 
'utilize spatial organization to describe a setting, i.e., describe a room from left to right.', 
'consider how a setting may contribute to a theme.', 
'analyze a setting and state its potential significance.', 
'produce a descriptive passage which incorporates the five senses (hearing, taste, sight, touch, smell).']","['How can the setting contribute to a plot or theme?',
'Often a setting is only suggested. How might a reader construct a setting from sparce details?',
'How does historical context or occasion provide a “setting” for a text?',
'Does a narrative require a setting?']","In addition to using taste and care in arranging words, you will express yourself most effectively if you give novelty to a familiar word by means of a skilful setting.
",Quintus Horatius Flaccus,Art of Poetry,aswl1_e1
simile,"['device', 'essential', 'common', 'concept']",n.,,"Late 1300s, from Latin simile “a like thing; a comparison, likeness, parallel,” neuter of similis “like.”",,"['a like thing; a comparison', 'likeness', 'parallel']","['know that simile is the opposite of metaphor.', 
'know that a simile uses “like” or “as” in its construction.', 
'employ simile in our own writing.', 
'consider the relative impact of a simile compared to a metaphor.', 
'identify the use of similie.', 
'explain the potential significance of a simile in a  text.', 
'utilize simile to describe a person or a thing.', 
'consider the relationship between simile and analogy.'

]","['What is the difference between a simile and a metaphor?',
'Why is simile an effective technique in communication?',
'How might comparing two unlike things be useful?']","Only by forgetting that primitive world of metaphors, only by the congelation and coagulation of an original mass of similes and percepts pouring forth as a fiery liquid out of the primal faculty of human fancy, only by the invincible faith, that this sun, this window, this table is a truth in itself: in short only by the fact that man forgets himself as subject, and what is more’as an artistically creating subject, only by all this does he live with some repose, safety, and consequence.

",Friedrich Nietzsche,“Truth and Falsity in an Ultramoral Sense”,aswl1_e1
slant rhyme,"['device', 'common', 'concept']",n.,,Half rhyme or slant rhyme is a type of rhyme formed by words with similar but not identical sounds.,,['words with similar but not identical sounds'],"['identify the use of slant or half rhyme in poetry.', 
'consider how slant rhyme is more subtle than full rhyme.', 
'consider the use of slant rhyme in popular music.', 
'consider how slant rhyme aids rhthym.'

]","['Is there a full rhyme for all words in English?',
'What are some examples of words that share slant rhyme?',
'Why might a writer want to use slant rhyme?']","Note, for example, the poem’s subtle pattern of slant rhymes, ending with a couplet that packs a punch.","Steven Gould Axelrod, Camille Roman, and Thomas Travisano, editors",Postmodernisms: 1950-Present,aswl1_e1
speaker,"['device', 'essential', 'common', 'concept']",n.,,"1300s, “one who speaks”, agent noun from speak (v. ). Similar formation in Old Frisian spreker, Old High German sprahhari, German sprecher. For literature, refers to the narrator in a poem, the speaker.",,['the narrator in a poem'],"['know the relationship between speaker and narrator.', 
'know the relationship between speaker and persona.', 
'know that poems have a speaker, not a narrator.', 
'understand that the speaker is not necessarily the poet.', 
'consider why a writer might employ a speaker.', 
'provide textual evidence to support a description of a speaker’s perspective.'

]","['Why might a poet employ a speaker or a persona?','How can we effectively employ a persona in our own writing?','Does a poem having a speaker imply that poetry is meant to be “spoken” or read aloud?','Does a poem having a speaker imply a more personal connection between the poem and the reader?','How is the speaker in a poem different from that in a speech?']","To the possible difference here belong also the colouring and shading which poetic eloquence seeks to give to the sense. Such colouring and shading are not objective, and must be evoked by each hearer or reader according to the hints of the poet or the speaker. Without some affinity in human ideas art would certainly be impossible; but it can never be exactly determined how far the intentions of the poet are realized.

",Gottlob Frege,“On Sense and Meaning”,aswl1_e1
stock characters,"['device', 'common', 'concept']",n.,,"A stock character is a stereotypical person whom audiences readily recognize from frequent recurrences in a particular literary tradition. Stock characters are archetypal characters distinguished by their flatness. As a result, they tend to be easy targets for parody and to be criticized as clichés. The presence of a particular array of stock characters is a key component of many genres.",,['a stereotypical person whom audiences readily recognize from frequent recurrences in a particular literary tradition'],"['know a variety of stock characters.', 
'understand how well-developed characters are built from stock characters.', 
'consider the use of stock characters in comedy or tragedy.', 
'consider the relationship between stock characters and archetypes.', 
'identify stock characters in popular movies.'

]","['What are some common stock characters?',
'Can we see the qualities of a stock character in a more developed character?',
'Does the existence of stock characters suggest anything about our own identities?',
'What is a possible function of a stock character?']","When we speak of typical characters, we are not trying to reduce lifelike characters to stock types, though we certainly are suggesting that the sentimental notion of an antithesis between the lifelike character and the stock type is a vulgar error. All lifelike characters, whether in drama or fiction, owe their consistency to the appropriateness of the stock type which belongs to their dramatic function. That stock type is not the character but it is as necessary to the character as a skeleton is to the actor who plays it.

",Northrup Frye,Anatomy of Criticism,aswl1_e1
symbol,"['device', 'essential', 'common', 'concept']",n.,"['symbolic (adj.)', 'symbolize (v.)']","Early 1500s, “creed, summary, religious belief”, from Late Latin symbolum “creed, token, mark”, from Greek symbolon “token, watchword, sign by which one infers; ticket, a permit, license”, literally “that which is thrown or cast together,” from assimilated form of syn- “together” + bole “a throwing, a casting, the stroke of a missile, bolt, beam,” from bol-, nominative stem of ballein “to throw.”","['syn-', 'bol']",['sign by which one infers'],"['know that symbols help to create meaning in a text.', 
'know the relationship between symbols and the abstract.', 
'understand how symbols function to transform the concrete into the abstract.', 
'understand the relationship between symbols and archetypes.', 
'understand the relationship between symbols and metaphor.', 
'be aware of commonly known symbols.', 
'consider the idea that all language is symbolic.', 
'consider the relationship between symbols in mathematics and those in literature.', 
'provide evidence for the potential meaning of a symbol.', 
'contrast symbol with index and icon.'
]","['Can one symbol have more than one meaning?',
'Are all words symbols?',
'What are some common symbols in Western literature?']","[H]ow can a part be played in the same way by two different actors when, even with the clearest, the most precise, the most forceful of writers, words are no more, and never can be more, than symbols, indicating a thought, a feeling, or an idea; symbols which need action, gesture, intonation, expression, and a whole context of circumstance, to give them their full significance?

",Denis Diderot,The Paradox of Acting,aswl1_e1
theme,"['device', 'essential', 'common', 'concept']",n.,['thematic (adj.)'],"Early 1400s, “subject or topic on which a person writes or speaks”, from Old French tesme, Modern French thème and directly from Latin thema “a subject, thesis,” from Greek thema “a proposition, subject, deposit,” literally “something set down,” from root of tithenai “put down, place,” from  dhe-mn, from root dhe- “to put, to do.”', '1450s, “school essay”', '1670s, extended to music first recorded', '1929, ""theme song"".', '1960, theme park.",['thema'],['subject or topic on which a person writes or speaks'],"['know common themes in literature: man’s relationship with nature, society, and self.', 
'identify the central theme of a text.', 
'consider the relationship between theme, motif, and leitmotif.'

]","['What are some common themes in literature?', 
'Does it suggest anything about the human experience that different times and cultures share thematic concerns?',
'How are thematic concerns declared or implied in the prologue?']","This word Culture, or what it has come to represent, involves, by contrast, our whole theme, and has been, indeed, the spur, urging us to engagement. Certain questions arise.  As now taught, accepted and carried out, are not the processes of culture rapidly creating a class of supercilious
infidels, who believe in nothing? 

",Walt Whitman,Democratic Vistas,aswl1_e1
tone,"['device', 'essential', 'common', 'concept']",n.,"['tonal (adj.)', 'tonality (n.)', 'atonal (adj.)', 'intone (v.)', 'toneless (adj.)', 'tonelessly (adv.)']","Mid 1300s, “musical sound or note”, from Old French ton “musical sound, speech, words” (1200s) and directly from Latin tonus “a sound, tone, accent,” literally “stretching” (in Medieval Latin, a term peculiar to music), from Greek tonos “vocal pitch, raising of voice, accent, key in music,” originally “a stretching, tightening, taut string,” related to teinein “to stretch.” Sense of “manner of speaking” is from c. 1600. First reference to firmness of body is from 1660s. As “prevailing state of manners” from 1735; as “style in speaking or writing which reveals attitude” from 1765. Tone-deaf is from 1880; tone-poem from 1845.",['tonos'],"['manner of speaking', 'style in speaking or writing which reveals attitude']","['consider the relationship between tone and mood.', 
'identify the tone of a text and provide evidence to support the identification.', 'consider tone in relation to overtones and undertones.']","['How can a writer create tone?',
'What is the relationship between tone and mood?',
'Is there a place for a comedic or light-hearted tone in serious writing?',
'How might sentence length, adjectives, adverbs, and punctuation marks contribute to tone?']","Now what is the difference between the report or statement Five slabs and the order ‘’Five slabs!?—Well, it is the part which uttering these words plays in the language-game. No doubt the tone of voice and the look with which they are uttered, and much else besides, will also be different. 

",Ludwig Wittgenstein,Philosophical Investigations,aswl1_e1